job_id	job_name	started_at	completed_at	status	conclusion
108525445119	classify changed paths	2026-09-27T01:26:18Z	2026-09-27T01:26:26Z	completed	success
108525475558	native-slow (px8f auxiliary controls)	2026-09-27T01:26:28Z	2026-09-27T01:38:09Z	completed	success
108525475588	test shard 5/10	2026-09-27T01:26:28Z	2026-09-27T01:40:49Z	completed	success
108525475614	test shard 7/10	2026-09-27T01:26:28Z	2026-09-27T01:40:06Z	completed	success
108525475533	clean-room provenance check	2026-09-27T01:26:29Z	2026-09-27T01:26:36Z	completed	success
108525475551	conformance suite	2026-09-27T01:26:29Z	2026-09-27T01:26:35Z	completed	success
108525475557	path-guard	2026-09-27T01:26:29Z	2026-09-27T01:26:37Z	completed	success
108525475579	work-item tracker and ignored-row sweep	2026-09-27T01:26:29Z	2026-09-27T01:33:24Z	completed	success
108525475581	native-slow (rt_parity_native) 3/9	2026-09-27T01:26:29Z	2026-09-27T01:43:56Z	completed	success
108525475582	native-slow (rt_parity_native) 4/9	2026-09-27T01:26:29Z	2026-09-27T01:42:36Z	completed	success
108525475591	test shard 9/10	2026-09-27T01:26:29Z	2026-09-27T01:41:39Z	completed	success
108525475601	native-slow (rt_parity_native) 5/9	2026-09-27T01:26:29Z	2026-09-27T01:41:59Z	completed	success
108525475604	test shard 10/10	2026-09-27T01:26:29Z	2026-09-27T01:39:41Z	completed	success
108525475617	test shard 1/10	2026-09-27T01:26:29Z	2026-09-27T01:37:56Z	completed	success
108525475618	native-slow (rt_parity_native) 6/9	2026-09-27T01:26:29Z	2026-09-27T01:34:35Z	completed	success
108525475619	native-slow (rt_parity_native) 9/9	2026-09-27T01:26:29Z	2026-09-27T01:42:12Z	completed	success
108525475622	test shard 2/10	2026-09-27T01:26:29Z	2026-09-27T01:38:37Z	completed	success
108525475623	native-slow (rt_parity_native) 7/9	2026-09-27T01:26:29Z	2026-09-27T01:43:24Z	completed	success
108525475629	test shard 8/10	2026-09-27T01:26:29Z	2026-09-27T01:40:32Z	completed	success
108525475648	native-slow (rt_parity_native) 8/9	2026-09-27T01:26:29Z	2026-09-27T01:42:57Z	completed	success
108525475571	optional z3 process adapter	2026-09-27T01:26:30Z	2026-09-27T01:37:50Z	completed	success
108525475633	test shard 4/10	2026-09-27T01:26:37Z	2026-09-27T01:40:42Z	completed	success
108525475644	native-slow (rt_parity_native) 2/9	2026-09-27T01:26:38Z	2026-09-27T01:42:02Z	completed	success
108525475635	test shard 3/10	2026-09-27T01:26:39Z	2026-09-27T01:36:19Z	completed	success
108525475913	native-slow (rt_parity_native) 1/9	2026-09-27T01:33:25Z	2026-09-27T01:49:29Z	completed	success
108525475726	test shard 6/10	2026-09-27T01:34:37Z	2026-09-27T01:49:02Z	completed	success
108528699820	verify-realized-shard-union	2026-09-27T01:49:32Z	2026-09-27T01:49:43Z	completed	success
108528729896	build + test	2026-09-27T01:49:46Z	2026-09-27T01:49:50Z	completed	success
