1	0.005	ken-cli::rt_parity_native	checked_ih_fresh_result_pairing_leg_roster_covers_all
1	0.006	ken-cli::rt_parity_native	composed_return_forward_ret_authority_removal_stripes_cover_all
1	48.146	ken-cli::rt_parity_native	composed_return_forward_ret_authority_write_removal_stripe_2
1	85.457	ken-cli::rt_parity_native	composed_return_forward_ret_authority_is_live_at_the_forward_edge
1	45.727	ken-cli::rt_parity_native	composed_return_forward_ret_wrong_member_refuses
1	95.066	ken-cli::rt_parity_native	composed_return_forward_ret_authority_write_removal_stripe_1
1	130.507	ken-cli::rt_parity_native	checked_ih_continuation_inheritance_derives_read_and_write_independently
1	39.279	ken-cli::rt_parity_native	continuation_inheritance_descriptor_only
1	38.776	ken-cli::rt_parity_native	continuation_inheritance_duplicate_k_locator
1	37.086	ken-cli::rt_parity_native	continuation_inheritance_reclassify_ret
1	37.996	ken-cli::rt_parity_native	fs_read_at_endpoint_yields_read_eof_without_host_dispatch
1	40.544	ken-cli::rt_parity_native	fs_read_at_malformed_offset_narrows_to_invalid_offset
1	38.928	ken-cli::rt_parity_native	generated_entry_admission_drop_non_governed
1	83.440	ken-cli::rt_parity_native	forward_edge_collapsibility_discriminates_value_and_effect_tails
1	38.795	ken-cli::rt_parity_native	generated_entry_admission_non_governed_key_collision
1	38.331	ken-cli::rt_parity_native	generated_entry_admission_non_governed_to_governed
1	39.956	ken-cli::rt_parity_native	generated_entry_capsule_specialized_sibling
1	38.921	ken-cli::rt_parity_native	generated_entry_capsule_static_worker
1	38.230	ken-cli::rt_parity_native	generated_entry_confluence_binding_position
1	38.257	ken-cli::rt_parity_native	generated_entry_confluence_fresh_closure_origin
1	38.146	ken-cli::rt_parity_native	generated_entry_confluence_fresh_constructor_coordinate
1	38.496	ken-cli::rt_parity_native	generated_entry_confluence_locator_domain
1	258.203	ken-cli::rt_parity_native	composed_return_ret_sink_lookup_controls_refuse
1	77.004	ken-cli::rt_parity_native	generated_entry_forward_ret_access_destination_body_disagreement
1	89.228	ken-cli::rt_parity_native	static_response_full_demand_fan_out_population_is_distinct
1	130.100	ken-cli::rt_parity_native	static_response_full_demand_causal_prefix_reds_and_restores
1	128.015	ken-cli::rt_parity_native	static_response_full_demand_read_vary_input_reaches_and_restores
1	132.050	ken-cli::rt_parity_native	static_response_full_demand_write_drop_capture_reaches_and_restores
1	124.474	ken-cli::rt_parity_native	static_response_owner_body_duplicate_k_call_reds_and_restores
1	97.560	ken-cli::rt_parity_native	static_response_owner_body_omit_k_call_reds_and_restores
1	103.478	ken-cli::rt_parity_native	static_response_owner_body_raw_worker_reds_and_restores
6	170.588	ken-cli::rt_parity_native	checked_ih_generated_entry_admission_population_is_total
6	173.687	ken-cli::rt_parity_native	checked_ih_fresh_result_forward_emission_order_is_paired
6	255.822	ken-cli::rt_parity_native	checked_ih_direct_application_permute_captures_refuses_and_restores
6	89.324	ken-cli::rt_parity_native	composed_return_forward_ret_wrong_source_refuses
6	78.093	ken-cli::rt_parity_native	continuation_inheritance_earlier_result
6	78.281	ken-cli::rt_parity_native	continuation_inheritance_wrong_k_domain
6	346.295	ken-cli::rt_parity_native	checked_ih_inheritance_and_fresh_result_route_are_byte_inert
6	77.664	ken-cli::rt_parity_native	continuation_inheritance_wrong_k_index
6	82.502	ken-cli::rt_parity_native	forward_ret_edge_suppressed_reverts_to_collapse
6	90.728	ken-cli::rt_parity_native	generated_entry_arrival_non_governed_through_governed
6	271.545	ken-cli::rt_parity_native	composed_return_forward_ret_authority_population_is_exact
6	82.799	ken-cli::rt_parity_native	generated_entry_capsule_non_carried_residual
6	82.646	ken-cli::rt_parity_native	generated_entry_capsule_wrong_slot
6	80.733	ken-cli::rt_parity_native	generated_entry_confluence_binding_frame
6	80.279	ken-cli::rt_parity_native	generated_entry_confluence_destination_body
6	167.232	ken-cli::rt_parity_native	generated_entry_capsule_wrong_locator_domain
6	80.165	ken-cli::rt_parity_native	generated_entry_confluence_fresh_capture_ordinal
6	80.375	ken-cli::rt_parity_native	generated_entry_confluence_fresh_constructor_role
6	80.472	ken-cli::rt_parity_native	generated_entry_confluence_fresh_ret_body
6	80.419	ken-cli::rt_parity_native	generated_entry_confluence_route_duplication
6	80.372	ken-cli::rt_parity_native	generated_entry_confluence_route_wrong_active_frame
6	80.467	ken-cli::rt_parity_native	generated_entry_confluence_route_wrong_direct_edge
6	160.944	ken-cli::rt_parity_native	generated_entry_forward_ret_access_binding_disagreement
6	161.114	ken-cli::rt_parity_native	generated_entry_forward_ret_access_destination_owner_disagreement
6	271.118	ken-cli::rt_parity_native	static_response_full_demand_duplicate_row_reds_and_restores
6	270.219	ken-cli::rt_parity_native	static_response_full_demand_merge_k_reds_and_restores
6	268.773	ken-cli::rt_parity_native	static_response_full_demand_read_permute_capture_reaches_and_restores
6	269.160	ken-cli::rt_parity_native	static_response_full_demand_read_vary_capture_reaches_and_restores
6	84.086	ken-cli::rt_parity_native	suppressing_execute_then_resume_restores_the_pre_effect_write_trap
6	236.096	ken-cli::rt_parity_native	static_response_full_demand_response_operation_reds_and_restores
6	241.917	ken-cli::rt_parity_native	static_response_owner_body_vary_ret_reds_and_restores
3	79.399	ken-cli::rt_parity_native	buffer_allocate_malformed_capacity_narrows_to_invalid_bounds
3	172.980	ken-cli::rt_parity_native	checked_ih_fresh_result_ret_case_body_origin_is_paired
3	173.586	ken-cli::rt_parity_native	checked_ih_fresh_result_source_to_active_edge_is_paired
3	168.294	ken-cli::rt_parity_native	checked_ih_generated_entry_confluence_reaches_exact_capsules
3	255.268	ken-cli::rt_parity_native	checked_ih_direct_application_drop_capture_refuses_and_restores
3	93.333	ken-cli::rt_parity_native	composed_return_forward_ret_authority_write_removal_stripe_3
3	93.258	ken-cli::rt_parity_native	composed_return_forward_ret_projection_disagreement_refuses
3	78.299	ken-cli::rt_parity_native	continuation_inheritance_break_step
3	178.123	ken-cli::rt_parity_native	composed_return_forward_ret_authority_read_removal_stripe_1
3	78.358	ken-cli::rt_parity_native	continuation_inheritance_swap
3	77.802	ken-cli::rt_parity_native	continuation_inheritance_wrong_k_consumer
3	172.003	ken-cli::rt_parity_native	composed_return_forward_ret_role_witness_pairs_c_and_certificate
3	82.903	ken-cli::rt_parity_native	d1_route_control_misroute_direct_read
3	80.833	ken-cli::rt_parity_native	generated_entry_admission_duplicate_governed
3	80.978	ken-cli::rt_parity_native	generated_entry_admission_duplicate_non_governed
3	82.601	ken-cli::rt_parity_native	generated_entry_capsule_provenance_index
3	80.493	ken-cli::rt_parity_native	generated_entry_confluence_context_key
3	169.103	ken-cli::rt_parity_native	fs_read_at_out_of_range_invalid_bounds_rejects_read_eof_witness
3	80.746	ken-cli::rt_parity_native	generated_entry_confluence_fresh_capture_occurrence
3	80.438	ken-cli::rt_parity_native	generated_entry_confluence_fresh_closure_parameters
3	80.689	ken-cli::rt_parity_native	generated_entry_confluence_route_wrong_ret_input_body
3	162.251	ken-cli::rt_parity_native	generated_entry_forward_ret_access_locator_callee_disagreement
3	162.748	ken-cli::rt_parity_native	generated_entry_forward_ret_access_locator_domain_disagreement
3	161.546	ken-cli::rt_parity_native	generated_entry_forward_ret_access_locator_invocation_disagreement
3	271.237	ken-cli::rt_parity_native	static_response_full_demand_read_drop_capture_reaches_and_restores
3	270.966	ken-cli::rt_parity_native	static_response_full_demand_read_permute_input_reaches_and_restores
3	281.812	ken-cli::rt_parity_native	static_response_full_demand_write_vary_capture_reaches_and_restores
3	278.864	ken-cli::rt_parity_native	static_response_full_demand_write_vary_input_reaches_and_restores
3	209.203	ken-cli::rt_parity_native	static_response_owner_body_before_host_validation_reds_and_restores
3	177.740	ken-cli::rt_parity_native	static_response_owner_body_omit_owner_definition_reds_and_restores
2	38.031	ken-cli::rt_parity_native	continuation_inheritance_final_residual_k_locator
2	43.182	ken-cli::rt_parity_native	composed_return_forward_ret_wrong_sink_refuses
2	37.874	ken-cli::rt_parity_native	continuation_inheritance_remove
2	83.763	ken-cli::rt_parity_native	composed_return_ret_sink_population_is_unique
2	84.283	ken-cli::rt_parity_native	checked_ih_fresh_result_active_answer_route_is_paired
2	79.953	ken-cli::rt_parity_native	continuation_inheritance_read_write_swap
2	40.376	ken-cli::rt_parity_native	d1_route_control_drop_read
2	40.386	ken-cli::rt_parity_native	d1_route_control_unknown_read
2	41.805	ken-cli::rt_parity_native	d1_route_control_drop_write
2	41.449	ken-cli::rt_parity_native	fs_read_at_malformed_offset_without_read_right_narrows_to_invalid_offset
2	39.624	ken-cli::rt_parity_native	generated_entry_admission_drop_governed
2	41.486	ken-cli::rt_parity_native	fs_write_at_malformed_offset_without_write_right_narrows_to_invalid_offset
2	80.100	ken-cli::rt_parity_native	forward_ret_edge_substituted_word_reds
2	39.308	ken-cli::rt_parity_native	generated_entry_admission_governed_key_collision
2	43.476	ken-cli::rt_parity_native	generated_entry_arrival_duplicate_lookup
2	39.302	ken-cli::rt_parity_native	generated_entry_confluence_destination_owner
2	39.040	ken-cli::rt_parity_native	generated_entry_confluence_filter_member
2	81.762	ken-cli::rt_parity_native	generated_entry_capsule_wrong_locator_index
2	81.629	ken-cli::rt_parity_native	generated_entry_capsule_wrong_locator_invocation
2	39.041	ken-cli::rt_parity_native	generated_entry_confluence_locator_index
2	38.742	ken-cli::rt_parity_native	generated_entry_confluence_projection_key
2	39.109	ken-cli::rt_parity_native	generated_entry_confluence_route_cross_variant
2	39.090	ken-cli::rt_parity_native	generated_entry_confluence_route_wrong_selected_case
2	120.382	ken-cli::rt_parity_native	static_response_context_demand_delete_reaches_and_restores
2	121.580	ken-cli::rt_parity_native	static_response_context_demand_vary_input_reaches_and_restores
2	131.842	ken-cli::rt_parity_native	static_response_full_demand_response_prior_reds_and_restores
2	130.929	ken-cli::rt_parity_native	static_response_full_demand_vary_row_reds_and_restores
2	139.314	ken-cli::rt_parity_native	static_response_full_demand_write_permute_input_reaches_and_restores
2	138.066	ken-cli::rt_parity_native	static_response_owner_body_context_zero_reds_and_restores
2	133.525	ken-cli::rt_parity_native	static_response_owner_body_trap_bypass_reds_and_restores
2	156.198	ken-cli::rt_parity_native	static_response_selected_caller_retarget_reaches_and_restores
5	2.205	ken-cli::rt_parity_native	buffer_freeze_malformed_span_is_unconstructible_at_the_landed_surface
5	95.491	ken-cli::rt_parity_native	composed_return_forward_ret_producer_source_from_entry_refuses
5	172.792	ken-cli::rt_parity_native	checked_ih_fresh_result_header_to_ret_input_is_paired
5	78.031	ken-cli::rt_parity_native	continuation_inheritance_remove_k_locator
5	185.891	ken-cli::rt_parity_native	composed_return_forward_ret_authority_write_removal_stripe_0
5	83.333	ken-cli::rt_parity_native	d1_route_control_direct_read
5	258.389	ken-cli::rt_parity_native	checked_ih_generated_entry_confluence_is_interning_and_inheritance_order_independent
5	86.601	ken-cli::rt_parity_native	fs_write_at_malformed_offset_narrows_to_invalid_offset
5	83.355	ken-cli::rt_parity_native	generated_entry_arrival_skip_lookup
5	87.023	ken-cli::rt_parity_native	generated_entry_capsule_outer_carried
5	80.817	ken-cli::rt_parity_native	generated_entry_confluence_fresh_body_reads
5	168.369	ken-cli::rt_parity_native	generated_entry_capsule_wrong_binding
5	167.946	ken-cli::rt_parity_native	generated_entry_capsule_wrong_destination_body
5	167.331	ken-cli::rt_parity_native	generated_entry_capsule_wrong_destination_owner
5	80.701	ken-cli::rt_parity_native	generated_entry_confluence_fresh_closure_body
5	81.170	ken-cli::rt_parity_native	generated_entry_confluence_fresh_closure_record
5	80.600	ken-cli::rt_parity_native	generated_entry_confluence_identity_key
5	80.428	ken-cli::rt_parity_native	generated_entry_confluence_route_removal
5	80.659	ken-cli::rt_parity_native	generated_entry_confluence_route_reversed
5	80.879	ken-cli::rt_parity_native	generated_entry_confluence_route_wrong_governed_key
5	80.608	ken-cli::rt_parity_native	generated_entry_confluence_route_wrong_ret_input_binder
5	169.748	ken-cli::rt_parity_native	static_response_context_demand_duplicate_is_idempotent
5	249.804	ken-cli::rt_parity_native	static_response_context_demand_vary_body_reaches_and_restores
5	270.928	ken-cli::rt_parity_native	static_response_full_demand_drop_row_reds_and_restores
5	272.093	ken-cli::rt_parity_native	static_response_full_demand_read_drop_input_reaches_and_restores
5	280.981	ken-cli::rt_parity_native	static_response_full_demand_write_permute_capture_reaches_and_restores
5	82.707	ken-cli::rt_parity_native	substitute_unrelated_owner_root_reds_on_a_specialized_owner_program
5	272.841	ken-cli::rt_parity_native	static_response_owner_body_after_answer_collapse_reds_and_restores
5	264.765	ken-cli::rt_parity_native	static_response_owner_body_raw_host_result_reds_and_restores
5	75.693	ken-cli::rt_parity_native	uint64_checked_wrapper_admits_max_and_rejects_both_neighbors
5	269.662	ken-cli::rt_parity_native	static_response_owner_body_response_operation_reds_and_restores
4	138.343	ken-cli::rt_parity_native	checked_ih_direct_application_pairs_one_declared_call_result
4	200.961	ken-cli::rt_parity_native	checked_ih_direct_application_drop_call_refuses_and_restores
4	201.096	ken-cli::rt_parity_native	checked_ih_direct_application_vary_transport_refuses_and_restores
4	201.529	ken-cli::rt_parity_native	checked_ih_direct_application_environment_for_result_refuses_and_restores
4	134.471	ken-cli::rt_parity_native	checked_ih_fresh_result_coemission_only_is_not_paired
4	71.395	ken-cli::rt_parity_native	composed_return_forward_ret_authority_read_removal_stripe_2
4	135.012	ken-cli::rt_parity_native	checked_ih_generated_entry_arrival_cannot_be_replaced_by_producer_source
4	139.814	ken-cli::rt_parity_native	composed_return_forward_ret_authority_read_removal_stripe_0
4	71.106	ken-cli::rt_parity_native	composed_return_forward_ret_authority_read_removal_stripe_3
4	61.100	ken-cli::rt_parity_native	continuation_inheritance_duplicate
4	60.995	ken-cli::rt_parity_native	continuation_inheritance_source_slot_k_locator
4	133.194	ken-cli::rt_parity_native	composed_return_ret_sink_is_byte_inert
4	65.309	ken-cli::rt_parity_native	d1_route_control_ordinary_read
4	64.122	ken-cli::rt_parity_native	fs_read_at_malformed_window_narrows_to_invalid_bounds
4	62.888	ken-cli::rt_parity_native	generated_entry_admission_governed_to_non_governed
4	64.825	ken-cli::rt_parity_native	generated_entry_capsule_wrong_frame
4	64.843	ken-cli::rt_parity_native	generated_entry_capsule_wrong_invocation
4	63.289	ken-cli::rt_parity_native	generated_entry_confluence_duplicate_member
4	63.089	ken-cli::rt_parity_native	generated_entry_confluence_fresh_active_frame
4	63.067	ken-cli::rt_parity_native	generated_entry_confluence_locator_callee
4	63.150	ken-cli::rt_parity_native	generated_entry_confluence_locator_invocation
4	131.077	ken-cli::rt_parity_native	generated_entry_capsule_wrong_locator_callee
4	63.057	ken-cli::rt_parity_native	generated_entry_confluence_remove_member
4	62.581	ken-cli::rt_parity_native	generated_entry_confluence_route_disagreement
4	63.257	ken-cli::rt_parity_native	generated_entry_confluence_route_wrong_delivery
4	126.522	ken-cli::rt_parity_native	generated_entry_forward_ret_access_locator_index_disagreement
4	133.168	ken-cli::rt_parity_native	static_response_context_demand_ledger_closes_fixed_products
4	195.863	ken-cli::rt_parity_native	static_response_context_demand_vary_capture_reaches_and_restores
4	194.564	ken-cli::rt_parity_native	static_response_context_demand_vary_k_reaches_and_restores
4	163.166	ken-cli::rt_parity_native	static_response_full_demand_response_app_env_reds_and_restores
4	180.143	ken-cli::rt_parity_native	static_response_full_demand_write_drop_input_reaches_and_restores
